grasshopper grasshopper, 100.0
grasshopper termite, 100.0
grasshopper ladybug, 100.0
grasshopper flea, 100.0
grasshopper gnat, 100.0
grasshopper tarantula, 100.0
grasshopper cockroach, 100.0
grasshopper moth, 100.0
grasshopper scorpion, 100.0
grasshopper mosquito, 100.0
grasshopper tick, 100.0
grasshopper hornet, 100.0
termite grasshopper, 100.0
termite termite, 100.0
termite ladybug, 100.0
termite flea, 100.0
termite gnat, 100.0
termite tarantula, 100.0
termite cockroach, 100.0
termite moth, 100.0
termite scorpion, 100.0
termite mosquito, 100.0
termite tick, 100.0
termite hornet, 100.0
ladybug grasshopper, 100.0
ladybug termite, 100.0
ladybug ladybug, 100.0
ladybug flea, 100.0
ladybug gnat, 100.0
ladybug tarantula, 100.0
ladybug cockroach, 100.0
ladybug moth, 100.0
ladybug scorpion, 100.0
ladybug mosquito, 100.0
ladybug tick, 100.0
ladybug hornet, 100.0
flea grasshopper, 100.0
flea termite, 100.0
flea ladybug, 100.0
flea flea, 100.0
flea gnat, 100.0
flea tarantula, 100.0
flea cockroach, 100.0
flea moth, 100.0
flea scorpion, 100.0
flea mosquito, 100.0
flea tick, 100.0
flea hornet, 100.0
gnat grasshopper, 100.0
gnat termite, 100.0
gnat ladybug, 100.0
gnat flea, 100.0
gnat gnat, 100.0
gnat tarantula, 100.0
gnat cockroach, 100.0
gnat moth, 100.0
gnat scorpion, 100.0
gnat mosquito, 100.0
gnat tick, 100.0
gnat hornet, 100.0
tarantula grasshopper, 100.0
tarantula termite, 100.0
tarantula ladybug, 100.0
tarantula flea, 100.0
tarantula gnat, 100.0
tarantula tarantula, 100.0
tarantula cockroach, 100.0
tarantula moth, 100.0
tarantula scorpion, 100.0
tarantula mosquito, 100.0
tarantula tick, 100.0
tarantula hornet, 100.0
cockroach grasshopper, 100.0
cockroach termite, 100.0
cockroach ladybug, 100.0
cockroach flea, 100.0
cockroach gnat, 100.0
cockroach tarantula, 100.0
cockroach cockroach, 100.0
cockroach moth, 100.0
cockroach scorpion, 100.0
cockroach mosquito, 100.0
cockroach tick, 100.0
cockroach hornet, 100.0
moth grasshopper, 100.0
moth termite, 100.0
moth ladybug, 100.0
moth flea, 100.0
moth gnat, 100.0
moth tarantula, 100.0
moth cockroach, 100.0
moth moth, 100.0
moth scorpion, 100.0
moth mosquito, 100.0
moth tick, 100.0
moth hornet, 100.0
scorpion grasshopper, 100.0
scorpion termite, 100.0
scorpion ladybug, 100.0
scorpion flea, 100.0
scorpion gnat, 100.0
scorpion tarantula, 100.0
scorpion cockroach, 100.0
scorpion moth, 100.0
scorpion scorpion, 100.0
scorpion mosquito, 100.0
scorpion tick, 100.0
scorpion hornet, 100.0
mosquito grasshopper, 100.0
mosquito termite, 100.0
mosquito ladybug, 100.0
mosquito flea, 100.0
mosquito gnat, 100.0
mosquito tarantula, 100.0
mosquito cockroach, 100.0
mosquito moth, 100.0
mosquito scorpion, 100.0
mosquito mosquito, 100.0
mosquito tick, 100.0
mosquito hornet, 100.0
tick grasshopper, 100.0
tick termite, 100.0
tick ladybug, 100.0
tick flea, 100.0
tick gnat, 100.0
tick tarantula, 100.0
tick cockroach, 100.0
tick moth, 100.0
tick scorpion, 100.0
tick mosquito, 100.0
tick tick, 100.0
tick hornet, 100.0
hornet grasshopper, 100.0
hornet termite, 100.0
hornet ladybug, 100.0
hornet flea, 100.0
hornet gnat, 100.0
hornet tarantula, 100.0
hornet cockroach, 100.0
hornet moth, 100.0
hornet scorpion, 100.0
hornet mosquito, 100.0
hornet tick, 100.0
hornet hornet, 100.0
crocodile crocodile, 100.0
crocodile toad, 100.0
crocodile clam, 100.0
crocodile frog, 100.0
crocodile crab, 100.0
crocodile snail, 100.0
toad crocodile, 100.0
toad toad, 100.0
toad clam, 100.0
toad frog, 100.0
toad crab, 100.0
toad snail, 100.0
clam crocodile, 100.0
clam toad, 100.0
clam clam, 100.0
clam frog, 100.0
clam crab, 100.0
clam snail, 100.0
frog crocodile, 100.0
frog toad, 100.0
frog clam, 100.0
frog frog, 100.0
frog crab, 100.0
frog snail, 100.0
crab crocodile, 100.0
crab toad, 100.0
crab clam, 100.0
crab frog, 100.0
crab crab, 100.0
crab snail, 100.0
snail crocodile, 100.0
snail toad, 100.0
snail clam, 100.0
snail frog, 100.0
snail crab, 100.0
snail snail, 100.0
coyote coyote, 100.0
coyote cougar, 100.0
coyote lynx, 100.0
coyote wolverine, 100.0
coyote bobcat, 100.0
coyote wolf, 100.0
cougar coyote, 100.0
cougar cougar, 100.0
cougar lynx, 100.0
cougar wolverine, 100.0
cougar bobcat, 100.0
cougar wolf, 100.0
lynx coyote, 100.0
lynx cougar, 100.0
lynx lynx, 100.0
lynx wolverine, 100.0
lynx bobcat, 100.0
lynx wolf, 100.0
wolverine coyote, 100.0
wolverine cougar, 100.0
wolverine lynx, 100.0
wolverine wolverine, 100.0
wolverine bobcat, 100.0
wolverine wolf, 100.0
bobcat coyote, 100.0
bobcat cougar, 100.0
bobcat lynx, 100.0
bobcat wolverine, 100.0
bobcat bobcat, 100.0
bobcat wolf, 100.0
wolf coyote, 100.0
wolf cougar, 100.0
wolf lynx, 100.0
wolf wolverine, 100.0
wolf bobcat, 100.0
wolf wolf, 100.0
mountain_lion mountain_lion, 100.0
mountain_lion antelope, 100.0
mountain_lion moose, 100.0
mountain_lion elk, 100.0
mountain_lion buffalo, 100.0
mountain_lion water_buffalo, 100.0
mountain_lion reindeer, 100.0
mountain_lion muskox, 100.0
mountain_lion wild_boar, 100.0
mountain_lion bison, 100.0
antelope mountain_lion, 100.0
antelope antelope, 100.0
antelope moose, 100.0
antelope elk, 100.0
antelope buffalo, 100.0
antelope water_buffalo, 100.0
antelope reindeer, 100.0
antelope muskox, 100.0
antelope wild_boar, 100.0
antelope bison, 100.0
moose mountain_lion, 100.0
moose antelope, 100.0
moose moose, 100.0
moose elk, 100.0
moose buffalo, 100.0
moose water_buffalo, 100.0
moose reindeer, 100.0
moose muskox, 100.0
moose wild_boar, 100.0
moose bison, 100.0
elk mountain_lion, 100.0
elk antelope, 100.0
elk moose, 100.0
elk elk, 100.0
elk buffalo, 100.0
elk water_buffalo, 100.0
elk reindeer, 100.0
elk muskox, 100.0
elk wild_boar, 100.0
elk bison, 100.0
buffalo mountain_lion, 100.0
buffalo antelope, 100.0
buffalo moose, 100.0
buffalo elk, 100.0
buffalo buffalo, 100.0
buffalo water_buffalo, 100.0
buffalo reindeer, 100.0
buffalo muskox, 100.0
buffalo wild_boar, 100.0
buffalo bison, 100.0
water_buffalo mountain_lion, 100.0
water_buffalo antelope, 100.0
water_buffalo moose, 100.0
water_buffalo elk, 100.0
water_buffalo buffalo, 100.0
water_buffalo water_buffalo, 100.0
water_buffalo reindeer, 100.0
water_buffalo muskox, 100.0
water_buffalo wild_boar, 100.0
water_buffalo bison, 100.0
reindeer mountain_lion, 100.0
reindeer antelope, 100.0
reindeer moose, 100.0
reindeer elk, 100.0
reindeer buffalo, 100.0
reindeer water_buffalo, 100.0
reindeer reindeer, 100.0
reindeer muskox, 100.0
reindeer wild_boar, 100.0
reindeer bison, 100.0
muskox mountain_lion, 100.0
muskox antelope, 100.0
muskox moose, 100.0
muskox elk, 100.0
muskox buffalo, 100.0
muskox water_buffalo, 100.0
muskox reindeer, 100.0
muskox muskox, 100.0
muskox wild_boar, 100.0
muskox bison, 100.0
wild_boar mountain_lion, 100.0
wild_boar antelope, 100.0
wild_boar moose, 100.0
wild_boar elk, 100.0
wild_boar buffalo, 100.0
wild_boar water_buffalo, 100.0
wild_boar reindeer, 100.0
wild_boar muskox, 100.0
wild_boar wild_boar, 100.0
wild_boar bison, 100.0
bison mountain_lion, 100.0
bison antelope, 100.0
bison moose, 100.0
bison elk, 100.0
bison buffalo, 100.0
bison water_buffalo, 100.0
bison reindeer, 100.0
bison muskox, 100.0
bison wild_boar, 100.0
bison bison, 100.0
seal seal, 100.0
seal polar_bear, 100.0
seal walrus, 100.0
seal dinosaur, 100.0
seal whale, 100.0
seal sea_lion, 100.0
seal caribou, 100.0
polar_bear seal, 100.0
polar_bear polar_bear, 100.0
polar_bear walrus, 100.0
polar_bear dinosaur, 100.0
polar_bear whale, 100.0
polar_bear sea_lion, 100.0
polar_bear caribou, 100.0
walrus seal, 100.0
walrus polar_bear, 100.0
walrus walrus, 100.0
walrus dinosaur, 100.0
walrus whale, 100.0
walrus sea_lion, 100.0
walrus caribou, 100.0
dinosaur seal, 100.0
dinosaur polar_bear, 100.0
dinosaur walrus, 100.0
dinosaur dinosaur, 100.0
dinosaur whale, 100.0
dinosaur sea_lion, 100.0
dinosaur caribou, 100.0
whale seal, 100.0
whale polar_bear, 100.0
whale walrus, 100.0
whale dinosaur, 100.0
whale whale, 100.0
whale sea_lion, 100.0
whale caribou, 100.0
sea_lion seal, 100.0
sea_lion polar_bear, 100.0
sea_lion walrus, 100.0
sea_lion dinosaur, 100.0
sea_lion whale, 100.0
sea_lion sea_lion, 100.0
sea_lion caribou, 100.0
caribou seal, 100.0
caribou polar_bear, 100.0
caribou walrus, 100.0
caribou dinosaur, 100.0
caribou whale, 100.0
caribou sea_lion, 100.0
caribou caribou, 100.0
grizzly_bear grizzly_bear, 100.0
grizzly_bear black_bear, 100.0
grizzly_bear brown_bear, 100.0
grizzly_bear kodiak_bear, 100.0
black_bear grizzly_bear, 100.0
black_bear black_bear, 100.0
black_bear brown_bear, 100.0
black_bear kodiak_bear, 100.0
brown_bear grizzly_bear, 100.0
brown_bear black_bear, 100.0
brown_bear brown_bear, 100.0
brown_bear kodiak_bear, 100.0
kodiak_bear grizzly_bear, 100.0
kodiak_bear black_bear, 100.0
kodiak_bear brown_bear, 100.0
kodiak_bear kodiak_bear, 100.0
octopus octopus, 100.0
octopus eel, 100.0
octopus walleye, 100.0
octopus albatross, 100.0
octopus shark, 100.0
octopus carp, 100.0
octopus dolphin, 100.0
octopus goldfish, 100.0
eel octopus, 100.0
eel eel, 100.0
eel walleye, 100.0
eel albatross, 100.0
eel shark, 100.0
eel carp, 100.0
eel dolphin, 100.0
eel goldfish, 100.0
walleye octopus, 100.0
walleye eel, 100.0
walleye walleye, 100.0
walleye albatross, 100.0
walleye shark, 100.0
walleye carp, 100.0
walleye dolphin, 100.0
walleye goldfish, 100.0
albatross octopus, 100.0
albatross eel, 100.0
albatross walleye, 100.0
albatross albatross, 100.0
albatross shark, 100.0
albatross carp, 100.0
albatross dolphin, 100.0
albatross goldfish, 100.0
shark octopus, 100.0
shark eel, 100.0
shark walleye, 100.0
shark albatross, 100.0
shark shark, 100.0
shark carp, 100.0
shark dolphin, 100.0
shark goldfish, 100.0
carp octopus, 100.0
carp eel, 100.0
carp walleye, 100.0
carp albatross, 100.0
carp shark, 100.0
carp carp, 100.0
carp dolphin, 100.0
carp goldfish, 100.0
dolphin octopus, 100.0
dolphin eel, 100.0
dolphin walleye, 100.0
dolphin albatross, 100.0
dolphin shark, 100.0
dolphin carp, 100.0
dolphin dolphin, 100.0
dolphin goldfish, 100.0
goldfish octopus, 100.0
goldfish eel, 100.0
goldfish walleye, 100.0
goldfish albatross, 100.0
goldfish shark, 100.0
goldfish carp, 100.0
goldfish dolphin, 100.0
goldfish goldfish, 100.0
aardvark aardvark, 100.0
aardvark armadillo, 100.0
aardvark anteater, 100.0
armadillo aardvark, 100.0
armadillo armadillo, 100.0
armadillo anteater, 100.0
anteater aardvark, 100.0
anteater armadillo, 100.0
anteater anteater, 100.0
oriole oriole, 100.0
oriole peregrine_falcon, 100.0
oriole woodpecker, 100.0
oriole rose-breasted_grosbeak, 100.0
oriole finch, 100.0
oriole meadowlark, 100.0
oriole nuthatch, 100.0
oriole tuna, 100.0
oriole goldfinch, 100.0
oriole swallow, 100.0
oriole starling, 100.0
oriole grosbeak, 100.0
oriole blackbird, 100.0
peregrine_falcon oriole, 100.0
peregrine_falcon peregrine_falcon, 100.0
peregrine_falcon woodpecker, 100.0
peregrine_falcon rose-breasted_grosbeak, 100.0
peregrine_falcon finch, 100.0
peregrine_falcon meadowlark, 100.0
peregrine_falcon nuthatch, 100.0
peregrine_falcon tuna, 100.0
peregrine_falcon goldfinch, 100.0
peregrine_falcon swallow, 100.0
peregrine_falcon starling, 100.0
peregrine_falcon grosbeak, 100.0
peregrine_falcon blackbird, 100.0
woodpecker oriole, 100.0
woodpecker peregrine_falcon, 100.0
woodpecker woodpecker, 100.0
woodpecker rose-breasted_grosbeak, 100.0
woodpecker finch, 100.0
woodpecker meadowlark, 100.0
woodpecker nuthatch, 100.0
woodpecker tuna, 100.0
woodpecker goldfinch, 100.0
woodpecker swallow, 100.0
woodpecker starling, 100.0
woodpecker grosbeak, 100.0
woodpecker blackbird, 100.0
rose-breasted_grosbeak oriole, 100.0
rose-breasted_grosbeak peregrine_falcon, 100.0
rose-breasted_grosbeak woodpecker, 100.0
rose-breasted_grosbeak rose-breasted_grosbeak, 100.0
rose-breasted_grosbeak finch, 100.0
rose-breasted_grosbeak meadowlark, 100.0
rose-breasted_grosbeak nuthatch, 100.0
rose-breasted_grosbeak tuna, 100.0
rose-breasted_grosbeak goldfinch, 100.0
rose-breasted_grosbeak swallow, 100.0
rose-breasted_grosbeak starling, 100.0
rose-breasted_grosbeak grosbeak, 100.0
rose-breasted_grosbeak blackbird, 100.0
finch oriole, 100.0
finch peregrine_falcon, 100.0
finch woodpecker, 100.0
finch rose-breasted_grosbeak, 100.0
finch finch, 100.0
finch meadowlark, 100.0
finch nuthatch, 100.0
finch tuna, 100.0
finch goldfinch, 100.0
finch swallow, 100.0
finch starling, 100.0
finch grosbeak, 100.0
finch blackbird, 100.0
meadowlark oriole, 100.0
meadowlark peregrine_falcon, 100.0
meadowlark woodpecker, 100.0
meadowlark rose-breasted_grosbeak, 100.0
meadowlark finch, 100.0
meadowlark meadowlark, 100.0
meadowlark nuthatch, 100.0
meadowlark tuna, 100.0
meadowlark goldfinch, 100.0
meadowlark swallow, 100.0
meadowlark starling, 100.0
meadowlark grosbeak, 100.0
meadowlark blackbird, 100.0
nuthatch oriole, 100.0
nuthatch peregrine_falcon, 100.0
nuthatch woodpecker, 100.0
nuthatch rose-breasted_grosbeak, 100.0
nuthatch finch, 100.0
nuthatch meadowlark, 100.0
nuthatch nuthatch, 100.0
nuthatch tuna, 100.0
nuthatch goldfinch, 100.0
nuthatch swallow, 100.0
nuthatch starling, 100.0
nuthatch grosbeak, 100.0
nuthatch blackbird, 100.0
tuna oriole, 100.0
tuna peregrine_falcon, 100.0
tuna woodpecker, 100.0
tuna rose-breasted_grosbeak, 100.0
tuna finch, 100.0
tuna meadowlark, 100.0
tuna nuthatch, 100.0
tuna tuna, 100.0
tuna goldfinch, 100.0
tuna swallow, 100.0
tuna starling, 100.0
tuna grosbeak, 100.0
tuna blackbird, 100.0
goldfinch oriole, 100.0
goldfinch peregrine_falcon, 100.0
goldfinch woodpecker, 100.0
goldfinch rose-breasted_grosbeak, 100.0
goldfinch finch, 100.0
goldfinch meadowlark, 100.0
goldfinch nuthatch, 100.0
goldfinch tuna, 100.0
goldfinch goldfinch, 100.0
goldfinch swallow, 100.0
goldfinch starling, 100.0
goldfinch grosbeak, 100.0
goldfinch blackbird, 100.0
swallow oriole, 100.0
swallow peregrine_falcon, 100.0
swallow woodpecker, 100.0
swallow rose-breasted_grosbeak, 100.0
swallow finch, 100.0
swallow meadowlark, 100.0
swallow nuthatch, 100.0
swallow tuna, 100.0
swallow goldfinch, 100.0
swallow swallow, 100.0
swallow starling, 100.0
swallow grosbeak, 100.0
swallow blackbird, 100.0
starling oriole, 100.0
starling peregrine_falcon, 100.0
starling woodpecker, 100.0
starling rose-breasted_grosbeak, 100.0
starling finch, 100.0
starling meadowlark, 100.0
starling nuthatch, 100.0
starling tuna, 100.0
starling goldfinch, 100.0
starling swallow, 100.0
starling starling, 100.0
starling grosbeak, 100.0
starling blackbird, 100.0
grosbeak oriole, 100.0
grosbeak peregrine_falcon, 100.0
grosbeak woodpecker, 100.0
grosbeak rose-breasted_grosbeak, 100.0
grosbeak finch, 100.0
grosbeak meadowlark, 100.0
grosbeak nuthatch, 100.0
grosbeak tuna, 100.0
grosbeak goldfinch, 100.0
grosbeak swallow, 100.0
grosbeak starling, 100.0
grosbeak grosbeak, 100.0
grosbeak blackbird, 100.0
blackbird oriole, 100.0
blackbird peregrine_falcon, 100.0
blackbird woodpecker, 100.0
blackbird rose-breasted_grosbeak, 100.0
blackbird finch, 100.0
blackbird meadowlark, 100.0
blackbird nuthatch, 100.0
blackbird tuna, 100.0
blackbird goldfinch, 100.0
blackbird swallow, 100.0
blackbird starling, 100.0
blackbird grosbeak, 100.0
blackbird blackbird, 100.0
red_squirrel red_squirrel, 100.0
red_squirrel shrew, 100.0
red_squirrel chipmunk, 100.0
red_squirrel mole, 100.0
red_squirrel marmot, 100.0
red_squirrel vole, 100.0
red_squirrel chinchilla, 100.0
red_squirrel groundhog, 100.0
red_squirrel hare, 100.0
red_squirrel rodent, 100.0
shrew red_squirrel, 100.0
shrew shrew, 100.0
shrew chipmunk, 100.0
shrew mole, 100.0
shrew marmot, 100.0
shrew vole, 100.0
shrew chinchilla, 100.0
shrew groundhog, 100.0
shrew hare, 100.0
shrew rodent, 100.0
chipmunk red_squirrel, 100.0
chipmunk shrew, 100.0
chipmunk chipmunk, 100.0
chipmunk mole, 100.0
chipmunk marmot, 100.0
chipmunk vole, 100.0
chipmunk chinchilla, 100.0
chipmunk groundhog, 100.0
chipmunk hare, 100.0
chipmunk rodent, 100.0
mole red_squirrel, 100.0
mole shrew, 100.0
mole chipmunk, 100.0
mole mole, 100.0
mole marmot, 100.0
mole vole, 100.0
mole chinchilla, 100.0
mole groundhog, 100.0
mole hare, 100.0
mole rodent, 100.0
marmot red_squirrel, 100.0
marmot shrew, 100.0
marmot chipmunk, 100.0
marmot mole, 100.0
marmot marmot, 100.0
marmot vole, 100.0
marmot chinchilla, 100.0
marmot groundhog, 100.0
marmot hare, 100.0
marmot rodent, 100.0
vole red_squirrel, 100.0
vole shrew, 100.0
vole chipmunk, 100.0
vole mole, 100.0
vole marmot, 100.0
vole vole, 100.0
vole chinchilla, 100.0
vole groundhog, 100.0
vole hare, 100.0
vole rodent, 100.0
chinchilla red_squirrel, 100.0
chinchilla shrew, 100.0
chinchilla chipmunk, 100.0
chinchilla mole, 100.0
chinchilla marmot, 100.0
chinchilla vole, 100.0
chinchilla chinchilla, 100.0
chinchilla groundhog, 100.0
chinchilla hare, 100.0
chinchilla rodent, 100.0
groundhog red_squirrel, 100.0
groundhog shrew, 100.0
groundhog chipmunk, 100.0
groundhog mole, 100.0
groundhog marmot, 100.0
groundhog vole, 100.0
groundhog chinchilla, 100.0
groundhog groundhog, 100.0
groundhog hare, 100.0
groundhog rodent, 100.0
hare red_squirrel, 100.0
hare shrew, 100.0
hare chipmunk, 100.0
hare mole, 100.0
hare marmot, 100.0
hare vole, 100.0
hare chinchilla, 100.0
hare groundhog, 100.0
hare hare, 100.0
hare rodent, 100.0
rodent red_squirrel, 100.0
rodent shrew, 100.0
rodent chipmunk, 100.0
rodent mole, 100.0
rodent marmot, 100.0
rodent vole, 100.0
rodent chinchilla, 100.0
rodent groundhog, 100.0
rodent hare, 100.0
rodent rodent, 100.0
snake snake, 100.0
snake fish, 100.0
snake bird, 100.0
fish snake, 100.0
fish fish, 100.0
fish bird, 100.0
bird snake, 100.0
bird fish, 100.0
bird bird, 100.0
salmon salmon, 100.0
salmon swordfish, 100.0
salmon trout, 100.0
salmon squid, 100.0
salmon porpoise, 100.0
salmon halibut, 100.0
swordfish salmon, 100.0
swordfish swordfish, 100.0
swordfish trout, 100.0
swordfish squid, 100.0
swordfish porpoise, 100.0
swordfish halibut, 100.0
trout salmon, 100.0
trout swordfish, 100.0
trout trout, 100.0
trout squid, 100.0
trout porpoise, 100.0
trout halibut, 100.0
squid salmon, 100.0
squid swordfish, 100.0
squid trout, 100.0
squid squid, 100.0
squid porpoise, 100.0
squid halibut, 100.0
porpoise salmon, 100.0
porpoise swordfish, 100.0
porpoise trout, 100.0
porpoise squid, 100.0
porpoise porpoise, 100.0
porpoise halibut, 100.0
halibut salmon, 100.0
halibut swordfish, 100.0
halibut trout, 100.0
halibut squid, 100.0
halibut porpoise, 100.0
halibut halibut, 100.0
cat cat, 100.0
cat jackrabbit, 100.0
cat egret, 100.0
jackrabbit cat, 100.0
jackrabbit jackrabbit, 100.0
jackrabbit egret, 100.0
egret cat, 100.0
egret jackrabbit, 100.0
egret egret, 100.0
jaguar jaguar, 100.0
jaguar hippopotamus, 100.0
jaguar cheetah, 100.0
jaguar lion, 100.0
jaguar giraffe, 100.0
jaguar elephant, 100.0
jaguar kangaroo, 100.0
jaguar zebra, 100.0
jaguar rhinoceros, 100.0
jaguar tiger, 100.0
jaguar camel, 100.0
jaguar hyena, 100.0
hippopotamus jaguar, 100.0
hippopotamus hippopotamus, 100.0
hippopotamus cheetah, 100.0
hippopotamus lion, 100.0
hippopotamus giraffe, 100.0
hippopotamus elephant, 100.0
hippopotamus kangaroo, 100.0
hippopotamus zebra, 100.0
hippopotamus rhinoceros, 100.0
hippopotamus tiger, 100.0
hippopotamus camel, 100.0
hippopotamus hyena, 100.0
cheetah jaguar, 100.0
cheetah hippopotamus, 100.0
cheetah cheetah, 100.0
cheetah lion, 100.0
cheetah giraffe, 100.0
cheetah elephant, 100.0
cheetah kangaroo, 100.0
cheetah zebra, 100.0
cheetah rhinoceros, 100.0
cheetah tiger, 100.0
cheetah camel, 100.0
cheetah hyena, 100.0
lion jaguar, 100.0
lion hippopotamus, 100.0
lion cheetah, 100.0
lion lion, 100.0
lion giraffe, 100.0
lion elephant, 100.0
lion kangaroo, 100.0
lion zebra, 100.0
lion rhinoceros, 100.0
lion tiger, 100.0
lion camel, 100.0
lion hyena, 100.0
giraffe jaguar, 100.0
giraffe hippopotamus, 100.0
giraffe cheetah, 100.0
giraffe lion, 100.0
giraffe giraffe, 100.0
giraffe elephant, 100.0
giraffe kangaroo, 100.0
giraffe zebra, 100.0
giraffe rhinoceros, 100.0
giraffe tiger, 100.0
giraffe camel, 100.0
giraffe hyena, 100.0
elephant jaguar, 100.0
elephant hippopotamus, 100.0
elephant cheetah, 100.0
elephant lion, 100.0
elephant giraffe, 100.0
elephant elephant, 100.0
elephant kangaroo, 100.0
elephant zebra, 100.0
elephant rhinoceros, 100.0
elephant tiger, 100.0
elephant camel, 100.0
elephant hyena, 100.0
kangaroo jaguar, 100.0
kangaroo hippopotamus, 100.0
kangaroo cheetah, 100.0
kangaroo lion, 100.0
kangaroo giraffe, 100.0
kangaroo elephant, 100.0
kangaroo kangaroo, 100.0
kangaroo zebra, 100.0
kangaroo rhinoceros, 100.0
kangaroo tiger, 100.0
kangaroo camel, 100.0
kangaroo hyena, 100.0
zebra jaguar, 100.0
zebra hippopotamus, 100.0
zebra cheetah, 100.0
zebra lion, 100.0
zebra giraffe, 100.0
zebra elephant, 100.0
zebra kangaroo, 100.0
zebra zebra, 100.0
zebra rhinoceros, 100.0
zebra tiger, 100.0
zebra camel, 100.0
zebra hyena, 100.0
rhinoceros jaguar, 100.0
rhinoceros hippopotamus, 100.0
rhinoceros cheetah, 100.0
rhinoceros lion, 100.0
rhinoceros giraffe, 100.0
rhinoceros elephant, 100.0
rhinoceros kangaroo, 100.0
rhinoceros zebra, 100.0
rhinoceros rhinoceros, 100.0
rhinoceros tiger, 100.0
rhinoceros camel, 100.0
rhinoceros hyena, 100.0
tiger jaguar, 100.0
tiger hippopotamus, 100.0
tiger cheetah, 100.0
tiger lion, 100.0
tiger giraffe, 100.0
tiger elephant, 100.0
tiger kangaroo, 100.0
tiger zebra, 100.0
tiger rhinoceros, 100.0
tiger tiger, 100.0
tiger camel, 100.0
tiger hyena, 100.0
camel jaguar, 100.0
camel hippopotamus, 100.0
camel cheetah, 100.0
camel lion, 100.0
camel giraffe, 100.0
camel elephant, 100.0
camel kangaroo, 100.0
camel zebra, 100.0
camel rhinoceros, 100.0
camel tiger, 100.0
camel camel, 100.0
camel hyena, 100.0
hyena jaguar, 100.0
hyena hippopotamus, 100.0
hyena cheetah, 100.0
hyena lion, 100.0
hyena giraffe, 100.0
hyena elephant, 100.0
hyena kangaroo, 100.0
hyena zebra, 100.0
hyena rhinoceros, 100.0
hyena tiger, 100.0
hyena camel, 100.0
hyena hyena, 100.0
tadpole tadpole, 100.0
tadpole caterpillar, 100.0
tadpole lobster, 100.0
tadpole shrimp, 100.0
tadpole oyster, 100.0
caterpillar tadpole, 100.0
caterpillar caterpillar, 100.0
caterpillar lobster, 100.0
caterpillar shrimp, 100.0
caterpillar oyster, 100.0
lobster tadpole, 100.0
lobster caterpillar, 100.0
lobster lobster, 100.0
lobster shrimp, 100.0
lobster oyster, 100.0
shrimp tadpole, 100.0
shrimp caterpillar, 100.0
shrimp lobster, 100.0
shrimp shrimp, 100.0
shrimp oyster, 100.0
oyster tadpole, 100.0
oyster caterpillar, 100.0
oyster lobster, 100.0
oyster shrimp, 100.0
oyster oyster, 100.0
hen hen, 100.0
hen rooster, 100.0
hen fowl, 100.0
hen guinea_hen, 100.0
rooster hen, 100.0
rooster rooster, 100.0
rooster fowl, 100.0
rooster guinea_hen, 100.0
fowl hen, 100.0
fowl rooster, 100.0
fowl fowl, 100.0
fowl guinea_hen, 100.0
guinea_hen hen, 100.0
guinea_hen rooster, 100.0
guinea_hen fowl, 100.0
guinea_hen guinea_hen, 100.0
boar boar, 100.0
boar mule, 100.0
boar dog, 100.0
boar colt, 100.0
boar ram, 100.0
boar mountain_goat, 100.0
boar horse, 100.0
mule boar, 100.0
mule mule, 100.0
mule dog, 100.0
mule colt, 100.0
mule ram, 100.0
mule mountain_goat, 100.0
mule horse, 100.0
dog boar, 100.0
dog mule, 100.0
dog dog, 100.0
dog colt, 100.0
dog ram, 100.0
dog mountain_goat, 100.0
dog horse, 100.0
colt boar, 100.0
colt mule, 100.0
colt dog, 100.0
colt colt, 100.0
colt ram, 100.0
colt mountain_goat, 100.0
colt horse, 100.0
ram boar, 100.0
ram mule, 100.0
ram dog, 100.0
ram colt, 100.0
ram ram, 100.0
ram mountain_goat, 100.0
ram horse, 100.0
mountain_goat boar, 100.0
mountain_goat mule, 100.0
mountain_goat dog, 100.0
mountain_goat colt, 100.0
mountain_goat ram, 100.0
mountain_goat mountain_goat, 100.0
mountain_goat horse, 100.0
horse boar, 100.0
horse mule, 100.0
horse dog, 100.0
horse colt, 100.0
horse ram, 100.0
horse mountain_goat, 100.0
horse horse, 100.0
deer deer, 100.0
deer bear, 100.0
bear deer, 100.0
bear bear, 100.0
calf calf, 100.0
calf bunny, 100.0
calf heifer, 100.0
calf puppy, 100.0
calf sow, 100.0
calf cattle, 100.0
calf piglet, 100.0
calf kitten, 100.0
calf steer, 100.0
bunny calf, 100.0
bunny bunny, 100.0
bunny heifer, 100.0
bunny puppy, 100.0
bunny sow, 100.0
bunny cattle, 100.0
bunny piglet, 100.0
bunny kitten, 100.0
bunny steer, 100.0
heifer calf, 100.0
heifer bunny, 100.0
heifer heifer, 100.0
heifer puppy, 100.0
heifer sow, 100.0
heifer cattle, 100.0
heifer piglet, 100.0
heifer kitten, 100.0
heifer steer, 100.0
puppy calf, 100.0
puppy bunny, 100.0
puppy heifer, 100.0
puppy puppy, 100.0
puppy sow, 100.0
puppy cattle, 100.0
puppy piglet, 100.0
puppy kitten, 100.0
puppy steer, 100.0
sow calf, 100.0
sow bunny, 100.0
sow heifer, 100.0
sow puppy, 100.0
sow sow, 100.0
sow cattle, 100.0
sow piglet, 100.0
sow kitten, 100.0
sow steer, 100.0
cattle calf, 100.0
cattle bunny, 100.0
cattle heifer, 100.0
cattle puppy, 100.0
cattle sow, 100.0
cattle cattle, 100.0
cattle piglet, 100.0
cattle kitten, 100.0
cattle steer, 100.0
piglet calf, 100.0
piglet bunny, 100.0
piglet heifer, 100.0
piglet puppy, 100.0
piglet sow, 100.0
piglet cattle, 100.0
piglet piglet, 100.0
piglet kitten, 100.0
piglet steer, 100.0
kitten calf, 100.0
kitten bunny, 100.0
kitten heifer, 100.0
kitten puppy, 100.0
kitten sow, 100.0
kitten cattle, 100.0
kitten piglet, 100.0
kitten kitten, 100.0
kitten steer, 100.0
steer calf, 100.0
steer bunny, 100.0
steer heifer, 100.0
steer puppy, 100.0
steer sow, 100.0
steer cattle, 100.0
steer piglet, 100.0
steer kitten, 100.0
steer steer, 100.0
orangutan orangutan, 100.0
orangutan mongoose, 100.0
orangutan asp, 100.0
orangutan wallaby, 100.0
orangutan jackal, 100.0
orangutan panda, 100.0
orangutan koala, 100.0
orangutan baboon, 100.0
orangutan emu, 100.0
orangutan wombat, 100.0
orangutan platypus, 100.0
mongoose orangutan, 100.0
mongoose mongoose, 100.0
mongoose asp, 100.0
mongoose wallaby, 100.0
mongoose jackal, 100.0
mongoose panda, 100.0
mongoose koala, 100.0
mongoose baboon, 100.0
mongoose emu, 100.0
mongoose wombat, 100.0
mongoose platypus, 100.0
asp orangutan, 100.0
asp mongoose, 100.0
asp asp, 100.0
asp wallaby, 100.0
asp jackal, 100.0
asp panda, 100.0
asp koala, 100.0
asp baboon, 100.0
asp emu, 100.0
asp wombat, 100.0
asp platypus, 100.0
wallaby orangutan, 100.0
wallaby mongoose, 100.0
wallaby asp, 100.0
wallaby wallaby, 100.0
wallaby jackal, 100.0
wallaby panda, 100.0
wallaby koala, 100.0
wallaby baboon, 100.0
wallaby emu, 100.0
wallaby wombat, 100.0
wallaby platypus, 100.0
jackal orangutan, 100.0
jackal mongoose, 100.0
jackal asp, 100.0
jackal wallaby, 100.0
jackal jackal, 100.0
jackal panda, 100.0
jackal koala, 100.0
jackal baboon, 100.0
jackal emu, 100.0
jackal wombat, 100.0
jackal platypus, 100.0
panda orangutan, 100.0
panda mongoose, 100.0
panda asp, 100.0
panda wallaby, 100.0
panda jackal, 100.0
panda panda, 100.0
panda koala, 100.0
panda baboon, 100.0
panda emu, 100.0
panda wombat, 100.0
panda platypus, 100.0
koala orangutan, 100.0
koala mongoose, 100.0
koala asp, 100.0
koala wallaby, 100.0
koala jackal, 100.0
koala panda, 100.0
koala koala, 100.0
koala baboon, 100.0
koala emu, 100.0
koala wombat, 100.0
koala platypus, 100.0
baboon orangutan, 100.0
baboon mongoose, 100.0
baboon asp, 100.0
baboon wallaby, 100.0
baboon jackal, 100.0
baboon panda, 100.0
baboon koala, 100.0
baboon baboon, 100.0
baboon emu, 100.0
baboon wombat, 100.0
baboon platypus, 100.0
emu orangutan, 100.0
emu mongoose, 100.0
emu asp, 100.0
emu wallaby, 100.0
emu jackal, 100.0
emu panda, 100.0
emu koala, 100.0
emu baboon, 100.0
emu emu, 100.0
emu wombat, 100.0
emu platypus, 100.0
wombat orangutan, 100.0
wombat mongoose, 100.0
wombat asp, 100.0
wombat wallaby, 100.0
wombat jackal, 100.0
wombat panda, 100.0
wombat koala, 100.0
wombat baboon, 100.0
wombat emu, 100.0
wombat wombat, 100.0
wombat platypus, 100.0
platypus orangutan, 100.0
platypus mongoose, 100.0
platypus asp, 100.0
platypus wallaby, 100.0
platypus jackal, 100.0
platypus panda, 100.0
platypus koala, 100.0
platypus baboon, 100.0
platypus emu, 100.0
platypus wombat, 100.0
platypus platypus, 100.0
muskmelon muskmelon, 100.0
muskmelon hedgehog, 100.0
muskmelon marten, 100.0
muskmelon ground_hog, 100.0
muskmelon pocket_gopher, 100.0
muskmelon fisher, 100.0
muskmelon prairie_dog, 100.0
muskmelon civet_cat, 100.0
muskmelon hound, 100.0
hedgehog muskmelon, 100.0
hedgehog hedgehog, 100.0
hedgehog marten, 100.0
hedgehog ground_hog, 100.0
hedgehog pocket_gopher, 100.0
hedgehog fisher, 100.0
hedgehog prairie_dog, 100.0
hedgehog civet_cat, 100.0
hedgehog hound, 100.0
marten muskmelon, 100.0
marten hedgehog, 100.0
marten marten, 100.0
marten ground_hog, 100.0
marten pocket_gopher, 100.0
marten fisher, 100.0
marten prairie_dog, 100.0
marten civet_cat, 100.0
marten hound, 100.0
ground_hog muskmelon, 100.0
ground_hog hedgehog, 100.0
ground_hog marten, 100.0
ground_hog ground_hog, 100.0
ground_hog pocket_gopher, 100.0
ground_hog fisher, 100.0
ground_hog prairie_dog, 100.0
ground_hog civet_cat, 100.0
ground_hog hound, 100.0
pocket_gopher muskmelon, 100.0
pocket_gopher hedgehog, 100.0
pocket_gopher marten, 100.0
pocket_gopher ground_hog, 100.0
pocket_gopher pocket_gopher, 100.0
pocket_gopher fisher, 100.0
pocket_gopher prairie_dog, 100.0
pocket_gopher civet_cat, 100.0
pocket_gopher hound, 100.0
fisher muskmelon, 100.0
fisher hedgehog, 100.0
fisher marten, 100.0
fisher ground_hog, 100.0
fisher pocket_gopher, 100.0
fisher fisher, 100.0
fisher prairie_dog, 100.0
fisher civet_cat, 100.0
fisher hound, 100.0
prairie_dog muskmelon, 100.0
prairie_dog hedgehog, 100.0
prairie_dog marten, 100.0
prairie_dog ground_hog, 100.0
prairie_dog pocket_gopher, 100.0
prairie_dog fisher, 100.0
prairie_dog prairie_dog, 100.0
prairie_dog civet_cat, 100.0
prairie_dog hound, 100.0
civet_cat muskmelon, 100.0
civet_cat hedgehog, 100.0
civet_cat marten, 100.0
civet_cat ground_hog, 100.0
civet_cat pocket_gopher, 100.0
civet_cat fisher, 100.0
civet_cat prairie_dog, 100.0
civet_cat civet_cat, 100.0
civet_cat hound, 100.0
hound muskmelon, 100.0
hound hedgehog, 100.0
hound marten, 100.0
hound ground_hog, 100.0
hound pocket_gopher, 100.0
hound fisher, 100.0
hound prairie_dog, 100.0
hound civet_cat, 100.0
hound hound, 100.0
flamingo flamingo, 100.0
flamingo ostrich, 100.0
flamingo wasp, 100.0
flamingo crane, 100.0
ostrich flamingo, 100.0
ostrich ostrich, 100.0
ostrich wasp, 100.0
ostrich crane, 100.0
wasp flamingo, 100.0
wasp ostrich, 100.0
wasp wasp, 100.0
wasp crane, 100.0
crane flamingo, 100.0
crane ostrich, 100.0
crane wasp, 100.0
crane crane, 100.0
opossum opossum, 100.0
opossum ferret, 100.0
opossum skunk, 100.0
opossum muskrat, 100.0
opossum woodchuck, 100.0
opossum badger, 100.0
opossum fox, 100.0
opossum raccoon, 100.0
opossum weasel, 100.0
opossum gopher, 100.0
opossum mink, 100.0
ferret opossum, 100.0
ferret ferret, 100.0
ferret skunk, 100.0
ferret muskrat, 100.0
ferret woodchuck, 100.0
ferret badger, 100.0
ferret fox, 100.0
ferret raccoon, 100.0
ferret weasel, 100.0
ferret gopher, 100.0
ferret mink, 100.0
skunk opossum, 100.0
skunk ferret, 100.0
skunk skunk, 100.0
skunk muskrat, 100.0
skunk woodchuck, 100.0
skunk badger, 100.0
skunk fox, 100.0
skunk raccoon, 100.0
skunk weasel, 100.0
skunk gopher, 100.0
skunk mink, 100.0
muskrat opossum, 100.0
muskrat ferret, 100.0
muskrat skunk, 100.0
muskrat muskrat, 100.0
muskrat woodchuck, 100.0
muskrat badger, 100.0
muskrat fox, 100.0
muskrat raccoon, 100.0
muskrat weasel, 100.0
muskrat gopher, 100.0
muskrat mink, 100.0
woodchuck opossum, 100.0
woodchuck ferret, 100.0
woodchuck skunk, 100.0
woodchuck muskrat, 100.0
woodchuck woodchuck, 100.0
woodchuck badger, 100.0
woodchuck fox, 100.0
woodchuck raccoon, 100.0
woodchuck weasel, 100.0
woodchuck gopher, 100.0
woodchuck mink, 100.0
badger opossum, 100.0
badger ferret, 100.0
badger skunk, 100.0
badger muskrat, 100.0
badger woodchuck, 100.0
badger badger, 100.0
badger fox, 100.0
badger raccoon, 100.0
badger weasel, 100.0
badger gopher, 100.0
badger mink, 100.0
fox opossum, 100.0
fox ferret, 100.0
fox skunk, 100.0
fox muskrat, 100.0
fox woodchuck, 100.0
fox badger, 100.0
fox fox, 100.0
fox raccoon, 100.0
fox weasel, 100.0
fox gopher, 100.0
fox mink, 100.0
raccoon opossum, 100.0
raccoon ferret, 100.0
raccoon skunk, 100.0
raccoon muskrat, 100.0
raccoon woodchuck, 100.0
raccoon badger, 100.0
raccoon fox, 100.0
raccoon raccoon, 100.0
raccoon weasel, 100.0
raccoon gopher, 100.0
raccoon mink, 100.0
weasel opossum, 100.0
weasel ferret, 100.0
weasel skunk, 100.0
weasel muskrat, 100.0
weasel woodchuck, 100.0
weasel badger, 100.0
weasel fox, 100.0
weasel raccoon, 100.0
weasel weasel, 100.0
weasel gopher, 100.0
weasel mink, 100.0
gopher opossum, 100.0
gopher ferret, 100.0
gopher skunk, 100.0
gopher muskrat, 100.0
gopher woodchuck, 100.0
gopher badger, 100.0
gopher fox, 100.0
gopher raccoon, 100.0
gopher weasel, 100.0
gopher gopher, 100.0
gopher mink, 100.0
mink opossum, 100.0
mink ferret, 100.0
mink skunk, 100.0
mink muskrat, 100.0
mink woodchuck, 100.0
mink badger, 100.0
mink fox, 100.0
mink raccoon, 100.0
mink weasel, 100.0
mink gopher, 100.0
mink mink, 100.0
rabbit rabbit, 100.0
rabbit squirrel, 100.0
rabbit rat, 100.0
rabbit sloth, 100.0
rabbit mouse, 100.0
rabbit gerbil, 100.0
rabbit porcupine, 100.0
squirrel rabbit, 100.0
squirrel squirrel, 100.0
squirrel rat, 100.0
squirrel sloth, 100.0
squirrel mouse, 100.0
squirrel gerbil, 100.0
squirrel porcupine, 100.0
rat rabbit, 100.0
rat squirrel, 100.0
rat rat, 100.0
rat sloth, 100.0
rat mouse, 100.0
rat gerbil, 100.0
rat porcupine, 100.0
sloth rabbit, 100.0
sloth squirrel, 100.0
sloth rat, 100.0
sloth sloth, 100.0
sloth mouse, 100.0
sloth gerbil, 100.0
sloth porcupine, 100.0
mouse rabbit, 100.0
mouse squirrel, 100.0
mouse rat, 100.0
mouse sloth, 100.0
mouse mouse, 100.0
mouse gerbil, 100.0
mouse porcupine, 100.0
gerbil rabbit, 100.0
gerbil squirrel, 100.0
gerbil rat, 100.0
gerbil sloth, 100.0
gerbil mouse, 100.0
gerbil gerbil, 100.0
gerbil porcupine, 100.0
porcupine rabbit, 100.0
porcupine squirrel, 100.0
porcupine rat, 100.0
porcupine sloth, 100.0
porcupine mouse, 100.0
porcupine gerbil, 100.0
porcupine porcupine, 100.0
fawn fawn, 100.0
fawn doe, 100.0
fawn buck, 100.0
fawn stag, 100.0
doe fawn, 100.0
doe doe, 100.0
doe buck, 100.0
doe stag, 100.0
buck fawn, 100.0
buck doe, 100.0
buck buck, 100.0
buck stag, 100.0
stag fawn, 100.0
stag doe, 100.0
stag buck, 100.0
stag stag, 100.0
lioness lioness, 100.0
lioness warthog, 100.0
lioness kudu, 100.0
lioness springbok, 100.0
lioness wildcat, 100.0
warthog lioness, 100.0
warthog warthog, 100.0
warthog kudu, 100.0
warthog springbok, 100.0
warthog wildcat, 100.0
kudu lioness, 100.0
kudu warthog, 100.0
kudu kudu, 100.0
kudu springbok, 100.0
kudu wildcat, 100.0
springbok lioness, 100.0
springbok warthog, 100.0
springbok kudu, 100.0
springbok springbok, 100.0
springbok wildcat, 100.0
wildcat lioness, 100.0
wildcat warthog, 100.0
wildcat kudu, 100.0
wildcat springbok, 100.0
wildcat wildcat, 100.0
northern_pike northern_pike, 100.0
northern_pike mackerel, 100.0
northern_pike pickerel, 100.0
northern_pike muskellunge, 100.0
northern_pike bass, 100.0
northern_pike bullhead, 100.0
northern_pike pike, 100.0
northern_pike bluegill, 100.0
northern_pike crappie, 100.0
northern_pike sunfish, 100.0
northern_pike sturgeon, 100.0
mackerel northern_pike, 100.0
mackerel mackerel, 100.0
mackerel pickerel, 100.0
mackerel muskellunge, 100.0
mackerel bass, 100.0
mackerel bullhead, 100.0
mackerel pike, 100.0
mackerel bluegill, 100.0
mackerel crappie, 100.0
mackerel sunfish, 100.0
mackerel sturgeon, 100.0
pickerel northern_pike, 100.0
pickerel mackerel, 100.0
pickerel pickerel, 100.0
pickerel muskellunge, 100.0
pickerel bass, 100.0
pickerel bullhead, 100.0
pickerel pike, 100.0
pickerel bluegill, 100.0
pickerel crappie, 100.0
pickerel sunfish, 100.0
pickerel sturgeon, 100.0
muskellunge northern_pike, 100.0
muskellunge mackerel, 100.0
muskellunge pickerel, 100.0
muskellunge muskellunge, 100.0
muskellunge bass, 100.0
muskellunge bullhead, 100.0
muskellunge pike, 100.0
muskellunge bluegill, 100.0
muskellunge crappie, 100.0
muskellunge sunfish, 100.0
muskellunge sturgeon, 100.0
bass northern_pike, 100.0
bass mackerel, 100.0
bass pickerel, 100.0
bass muskellunge, 100.0
bass bass, 100.0
bass bullhead, 100.0
bass pike, 100.0
bass bluegill, 100.0
bass crappie, 100.0
bass sunfish, 100.0
bass sturgeon, 100.0
bullhead northern_pike, 100.0
bullhead mackerel, 100.0
bullhead pickerel, 100.0
bullhead muskellunge, 100.0
bullhead bass, 100.0
bullhead bullhead, 100.0
bullhead pike, 100.0
bullhead bluegill, 100.0
bullhead crappie, 100.0
bullhead sunfish, 100.0
bullhead sturgeon, 100.0
pike northern_pike, 100.0
pike mackerel, 100.0
pike pickerel, 100.0
pike muskellunge, 100.0
pike bass, 100.0
pike bullhead, 100.0
pike pike, 100.0
pike bluegill, 100.0
pike crappie, 100.0
pike sunfish, 100.0
pike sturgeon, 100.0
bluegill northern_pike, 100.0
bluegill mackerel, 100.0
bluegill pickerel, 100.0
bluegill muskellunge, 100.0
bluegill bass, 100.0
bluegill bullhead, 100.0
bluegill pike, 100.0
bluegill bluegill, 100.0
bluegill crappie, 100.0
bluegill sunfish, 100.0
bluegill sturgeon, 100.0
crappie northern_pike, 100.0
crappie mackerel, 100.0
crappie pickerel, 100.0
crappie muskellunge, 100.0
crappie bass, 100.0
crappie bullhead, 100.0
crappie pike, 100.0
crappie bluegill, 100.0
crappie crappie, 100.0
crappie sunfish, 100.0
crappie sturgeon, 100.0
sunfish northern_pike, 100.0
sunfish mackerel, 100.0
sunfish pickerel, 100.0
sunfish muskellunge, 100.0
sunfish bass, 100.0
sunfish bullhead, 100.0
sunfish pike, 100.0
sunfish bluegill, 100.0
sunfish crappie, 100.0
sunfish sunfish, 100.0
sunfish sturgeon, 100.0
sturgeon northern_pike, 100.0
sturgeon mackerel, 100.0
sturgeon pickerel, 100.0
sturgeon muskellunge, 100.0
sturgeon bass, 100.0
sturgeon bullhead, 100.0
sturgeon pike, 100.0
sturgeon bluegill, 100.0
sturgeon crappie, 100.0
sturgeon sunfish, 100.0
sturgeon sturgeon, 100.0
pony pony, 100.0
pony bull, 100.0
bull pony, 100.0
bull bull, 100.0
chicken chicken, 100.0
chicken goose, 100.0
chicken turkey, 100.0
chicken pheasant, 100.0
chicken pigeon, 100.0
chicken guinea_pig, 100.0
chicken duck, 100.0
goose chicken, 100.0
goose goose, 100.0
goose turkey, 100.0
goose pheasant, 100.0
goose pigeon, 100.0
goose guinea_pig, 100.0
goose duck, 100.0
turkey chicken, 100.0
turkey goose, 100.0
turkey turkey, 100.0
turkey pheasant, 100.0
turkey pigeon, 100.0
turkey guinea_pig, 100.0
turkey duck, 100.0
pheasant chicken, 100.0
pheasant goose, 100.0
pheasant turkey, 100.0
pheasant pheasant, 100.0
pheasant pigeon, 100.0
pheasant guinea_pig, 100.0
pheasant duck, 100.0
pigeon chicken, 100.0
pigeon goose, 100.0
pigeon turkey, 100.0
pigeon pheasant, 100.0
pigeon pigeon, 100.0
pigeon guinea_pig, 100.0
pigeon duck, 100.0
guinea_pig chicken, 100.0
guinea_pig goose, 100.0
guinea_pig turkey, 100.0
guinea_pig pheasant, 100.0
guinea_pig pigeon, 100.0
guinea_pig guinea_pig, 100.0
guinea_pig duck, 100.0
duck chicken, 100.0
duck goose, 100.0
duck turkey, 100.0
duck pheasant, 100.0
duck pigeon, 100.0
duck guinea_pig, 100.0
duck duck, 100.0
bat bat, 100.0
bat lizard, 100.0
bat spider, 100.0
bat fly, 100.0
bat bee, 100.0
bat bug, 100.0
bat ant, 100.0
bat beetle, 100.0
bat hamster, 100.0
bat butterfly, 100.0
lizard bat, 100.0
lizard lizard, 100.0
lizard spider, 100.0
lizard fly, 100.0
lizard bee, 100.0
lizard bug, 100.0
lizard ant, 100.0
lizard beetle, 100.0
lizard hamster, 100.0
lizard butterfly, 100.0
spider bat, 100.0
spider lizard, 100.0
spider spider, 100.0
spider fly, 100.0
spider bee, 100.0
spider bug, 100.0
spider ant, 100.0
spider beetle, 100.0
spider hamster, 100.0
spider butterfly, 100.0
fly bat, 100.0
fly lizard, 100.0
fly spider, 100.0
fly fly, 100.0
fly bee, 100.0
fly bug, 100.0
fly ant, 100.0
fly beetle, 100.0
fly hamster, 100.0
fly butterfly, 100.0
bee bat, 100.0
bee lizard, 100.0
bee spider, 100.0
bee fly, 100.0
bee bee, 100.0
bee bug, 100.0
bee ant, 100.0
bee beetle, 100.0
bee hamster, 100.0
bee butterfly, 100.0
bug bat, 100.0
bug lizard, 100.0
bug spider, 100.0
bug fly, 100.0
bug bee, 100.0
bug bug, 100.0
bug ant, 100.0
bug beetle, 100.0
bug hamster, 100.0
bug butterfly, 100.0
ant bat, 100.0
ant lizard, 100.0
ant spider, 100.0
ant fly, 100.0
ant bee, 100.0
ant bug, 100.0
ant ant, 100.0
ant beetle, 100.0
ant hamster, 100.0
ant butterfly, 100.0
beetle bat, 100.0
beetle lizard, 100.0
beetle spider, 100.0
beetle fly, 100.0
beetle bee, 100.0
beetle bug, 100.0
beetle ant, 100.0
beetle beetle, 100.0
beetle hamster, 100.0
beetle butterfly, 100.0
hamster bat, 100.0
hamster lizard, 100.0
hamster spider, 100.0
hamster fly, 100.0
hamster bee, 100.0
hamster bug, 100.0
hamster ant, 100.0
hamster beetle, 100.0
hamster hamster, 100.0
hamster butterfly, 100.0
butterfly bat, 100.0
butterfly lizard, 100.0
butterfly spider, 100.0
butterfly fly, 100.0
butterfly bee, 100.0
butterfly bug, 100.0
butterfly ant, 100.0
butterfly beetle, 100.0
butterfly hamster, 100.0
butterfly butterfly, 100.0
parrot parrot, 100.0
parrot pelican, 100.0
parrot eagle, 100.0
parrot worm, 100.0
parrot turtle, 100.0
pelican parrot, 100.0
pelican pelican, 100.0
pelican eagle, 100.0
pelican worm, 100.0
pelican turtle, 100.0
eagle parrot, 100.0
eagle pelican, 100.0
eagle eagle, 100.0
eagle worm, 100.0
eagle turtle, 100.0
worm parrot, 100.0
worm pelican, 100.0
worm eagle, 100.0
worm worm, 100.0
worm turtle, 100.0
turtle parrot, 100.0
turtle pelican, 100.0
turtle eagle, 100.0
turtle worm, 100.0
turtle turtle, 100.0
rattlesnake rattlesnake, 100.0
rattlesnake manatee, 100.0
rattlesnake iguana, 100.0
rattlesnake reptile, 100.0
rattlesnake dingo, 100.0
manatee rattlesnake, 100.0
manatee manatee, 100.0
manatee iguana, 100.0
manatee reptile, 100.0
manatee dingo, 100.0
iguana rattlesnake, 100.0
iguana manatee, 100.0
iguana iguana, 100.0
iguana reptile, 100.0
iguana dingo, 100.0
reptile rattlesnake, 100.0
reptile manatee, 100.0
reptile iguana, 100.0
reptile reptile, 100.0
reptile dingo, 100.0
dingo rattlesnake, 100.0
dingo manatee, 100.0
dingo iguana, 100.0
dingo reptile, 100.0
dingo dingo, 100.0
cobra cobra, 100.0
cobra alligator, 100.0
cobra monkey, 100.0
alligator cobra, 100.0
alligator alligator, 100.0
alligator monkey, 100.0
monkey cobra, 100.0
monkey alligator, 100.0
monkey monkey, 100.0
eland eland, 100.0
eland gazelle, 100.0
eland wildebeest, 100.0
eland gnu, 100.0
eland as, 100.0
eland yak, 100.0
eland impala, 100.0
gazelle eland, 100.0
gazelle gazelle, 100.0
gazelle wildebeest, 100.0
gazelle gnu, 100.0
gazelle as, 100.0
gazelle yak, 100.0
gazelle impala, 100.0
wildebeest eland, 100.0
wildebeest gazelle, 100.0
wildebeest wildebeest, 100.0
wildebeest gnu, 100.0
wildebeest as, 100.0
wildebeest yak, 100.0
wildebeest impala, 100.0
gnu eland, 100.0
gnu gazelle, 100.0
gnu wildebeest, 100.0
gnu gnu, 100.0
gnu as, 100.0
gnu yak, 100.0
gnu impala, 100.0
as eland, 100.0
as gazelle, 100.0
as wildebeest, 100.0
as gnu, 100.0
as as, 100.0
as yak, 100.0
as impala, 100.0
yak eland, 100.0
yak gazelle, 100.0
yak wildebeest, 100.0
yak gnu, 100.0
yak as, 100.0
yak yak, 100.0
yak impala, 100.0
impala eland, 100.0
impala gazelle, 100.0
impala wildebeest, 100.0
impala gnu, 100.0
impala as, 100.0
impala yak, 100.0
impala impala, 100.0
quail quail, 100.0
quail loon, 100.0
quail partridge, 100.0
quail gander, 100.0
loon quail, 100.0
loon loon, 100.0
loon partridge, 100.0
loon gander, 100.0
partridge quail, 100.0
partridge loon, 100.0
partridge partridge, 100.0
partridge gander, 100.0
gander quail, 100.0
gander loon, 100.0
gander partridge, 100.0
gander gander, 100.0
javelina javelina, 100.0
javelina tomcat, 100.0
javelina barracuda, 100.0
tomcat javelina, 100.0
tomcat tomcat, 100.0
tomcat barracuda, 100.0
barracuda javelina, 100.0
barracuda tomcat, 100.0
barracuda barracuda, 100.0
penguin penguin, 100.0
otter otter, 100.0
otter beaver, 100.0
beaver otter, 100.0
beaver beaver, 100.0
swan swan, 100.0
swan dove, 100.0
swan grouse, 100.0
swan falcon, 100.0
swan gull, 100.0
swan vulture, 100.0
swan peacock, 100.0
swan stork, 100.0
swan heron, 100.0
swan seagull, 100.0
swan osprey, 100.0
dove swan, 100.0
dove dove, 100.0
dove grouse, 100.0
dove falcon, 100.0
dove gull, 100.0
dove vulture, 100.0
dove peacock, 100.0
dove stork, 100.0
dove heron, 100.0
dove seagull, 100.0
dove osprey, 100.0
grouse swan, 100.0
grouse dove, 100.0
grouse grouse, 100.0
grouse falcon, 100.0
grouse gull, 100.0
grouse vulture, 100.0
grouse peacock, 100.0
grouse stork, 100.0
grouse heron, 100.0
grouse seagull, 100.0
grouse osprey, 100.0
falcon swan, 100.0
falcon dove, 100.0
falcon grouse, 100.0
falcon falcon, 100.0
falcon gull, 100.0
falcon vulture, 100.0
falcon peacock, 100.0
falcon stork, 100.0
falcon heron, 100.0
falcon seagull, 100.0
falcon osprey, 100.0
gull swan, 100.0
gull dove, 100.0
gull grouse, 100.0
gull falcon, 100.0
gull gull, 100.0
gull vulture, 100.0
gull peacock, 100.0
gull stork, 100.0
gull heron, 100.0
gull seagull, 100.0
gull osprey, 100.0
vulture swan, 100.0
vulture dove, 100.0
vulture grouse, 100.0
vulture falcon, 100.0
vulture gull, 100.0
vulture vulture, 100.0
vulture peacock, 100.0
vulture stork, 100.0
vulture heron, 100.0
vulture seagull, 100.0
vulture osprey, 100.0
peacock swan, 100.0
peacock dove, 100.0
peacock grouse, 100.0
peacock falcon, 100.0
peacock gull, 100.0
peacock vulture, 100.0
peacock peacock, 100.0
peacock stork, 100.0
peacock heron, 100.0
peacock seagull, 100.0
peacock osprey, 100.0
stork swan, 100.0
stork dove, 100.0
stork grouse, 100.0
stork falcon, 100.0
stork gull, 100.0
stork vulture, 100.0
stork peacock, 100.0
stork stork, 100.0
stork heron, 100.0
stork seagull, 100.0
stork osprey, 100.0
heron swan, 100.0
heron dove, 100.0
heron grouse, 100.0
heron falcon, 100.0
heron gull, 100.0
heron vulture, 100.0
heron peacock, 100.0
heron stork, 100.0
heron heron, 100.0
heron seagull, 100.0
heron osprey, 100.0
seagull swan, 100.0
seagull dove, 100.0
seagull grouse, 100.0
seagull falcon, 100.0
seagull gull, 100.0
seagull vulture, 100.0
seagull peacock, 100.0
seagull stork, 100.0
seagull heron, 100.0
seagull seagull, 100.0
seagull osprey, 100.0
osprey swan, 100.0
osprey dove, 100.0
osprey grouse, 100.0
osprey falcon, 100.0
osprey gull, 100.0
osprey vulture, 100.0
osprey peacock, 100.0
osprey stork, 100.0
osprey heron, 100.0
osprey seagull, 100.0
osprey osprey, 100.0
gibbon gibbon, 100.0
gibbon human, 100.0
gibbon unicorn, 100.0
gibbon ape, 100.0
gibbon chimpanzee, 100.0
gibbon gorilla, 100.0
gibbon mammoth, 100.0
gibbon lemur, 100.0
human gibbon, 100.0
human human, 100.0
human unicorn, 100.0
human ape, 100.0
human chimpanzee, 100.0
human gorilla, 100.0
human mammoth, 100.0
human lemur, 100.0
unicorn gibbon, 100.0
unicorn human, 100.0
unicorn unicorn, 100.0
unicorn ape, 100.0
unicorn chimpanzee, 100.0
unicorn gorilla, 100.0
unicorn mammoth, 100.0
unicorn lemur, 100.0
ape gibbon, 100.0
ape human, 100.0
ape unicorn, 100.0
ape ape, 100.0
ape chimpanzee, 100.0
ape gorilla, 100.0
ape mammoth, 100.0
ape lemur, 100.0
chimpanzee gibbon, 100.0
chimpanzee human, 100.0
chimpanzee unicorn, 100.0
chimpanzee ape, 100.0
chimpanzee chimpanzee, 100.0
chimpanzee gorilla, 100.0
chimpanzee mammoth, 100.0
chimpanzee lemur, 100.0
gorilla gibbon, 100.0
gorilla human, 100.0
gorilla unicorn, 100.0
gorilla ape, 100.0
gorilla chimpanzee, 100.0
gorilla gorilla, 100.0
gorilla mammoth, 100.0
gorilla lemur, 100.0
mammoth gibbon, 100.0
mammoth human, 100.0
mammoth unicorn, 100.0
mammoth ape, 100.0
mammoth chimpanzee, 100.0
mammoth gorilla, 100.0
mammoth mammoth, 100.0
mammoth lemur, 100.0
lemur gibbon, 100.0
lemur human, 100.0
lemur unicorn, 100.0
lemur ape, 100.0
lemur chimpanzee, 100.0
lemur gorilla, 100.0
lemur mammoth, 100.0
lemur lemur, 100.0
vicuna vicuna, 100.0
vicuna alpaca, 100.0
vicuna burro, 100.0
vicuna meerkat, 100.0
vicuna guanaco, 100.0
alpaca vicuna, 100.0
alpaca alpaca, 100.0
alpaca burro, 100.0
alpaca meerkat, 100.0
alpaca guanaco, 100.0
burro vicuna, 100.0
burro alpaca, 100.0
burro burro, 100.0
burro meerkat, 100.0
burro guanaco, 100.0
meerkat vicuna, 100.0
meerkat alpaca, 100.0
meerkat burro, 100.0
meerkat meerkat, 100.0
meerkat guanaco, 100.0
guanaco vicuna, 100.0
guanaco alpaca, 100.0
guanaco burro, 100.0
guanaco meerkat, 100.0
guanaco guanaco, 100.0
hog hog, 100.0
hog lamb, 100.0
hog cow, 100.0
hog sheep, 100.0
hog goat, 100.0
hog pig, 100.0
lamb hog, 100.0
lamb lamb, 100.0
lamb cow, 100.0
lamb sheep, 100.0
lamb goat, 100.0
lamb pig, 100.0
cow hog, 100.0
cow lamb, 100.0
cow cow, 100.0
cow sheep, 100.0
cow goat, 100.0
cow pig, 100.0
sheep hog, 100.0
sheep lamb, 100.0
sheep cow, 100.0
sheep sheep, 100.0
sheep goat, 100.0
sheep pig, 100.0
goat hog, 100.0
goat lamb, 100.0
goat cow, 100.0
goat sheep, 100.0
goat goat, 100.0
goat pig, 100.0
pig hog, 100.0
pig lamb, 100.0
pig cow, 100.0
pig sheep, 100.0
pig goat, 100.0
pig pig, 100.0
ocelot ocelot, 100.0
ocelot ibex, 100.0
ocelot puma, 100.0
ocelot leopard, 100.0
ocelot wild_dog, 100.0
ocelot panther, 100.0
ibex ocelot, 100.0
ibex ibex, 100.0
ibex puma, 100.0
ibex leopard, 100.0
ibex wild_dog, 100.0
ibex panther, 100.0
puma ocelot, 100.0
puma ibex, 100.0
puma puma, 100.0
puma leopard, 100.0
puma wild_dog, 100.0
puma panther, 100.0
leopard ocelot, 100.0
leopard ibex, 100.0
leopard puma, 100.0
leopard leopard, 100.0
leopard wild_dog, 100.0
leopard panther, 100.0
wild_dog ocelot, 100.0
wild_dog ibex, 100.0
wild_dog puma, 100.0
wild_dog leopard, 100.0
wild_dog wild_dog, 100.0
wild_dog panther, 100.0
panther ocelot, 100.0
panther ibex, 100.0
panther puma, 100.0
panther leopard, 100.0
panther wild_dog, 100.0
panther panther, 100.0
ewe ewe, 100.0
ewe ox, 100.0
ewe donkey, 100.0
ewe llama, 100.0
ewe jackass, 100.0
ox ewe, 100.0
ox ox, 100.0
ox donkey, 100.0
ox llama, 100.0
ox jackass, 100.0
donkey ewe, 100.0
donkey ox, 100.0
donkey donkey, 100.0
donkey llama, 100.0
donkey jackass, 100.0
llama ewe, 100.0
llama ox, 100.0
llama donkey, 100.0
llama llama, 100.0
llama jackass, 100.0
jackass ewe, 100.0
jackass ox, 100.0
jackass donkey, 100.0
jackass llama, 100.0
jackass jackass, 100.0
grey_squirrel grey_squirrel, 100.0
grey_squirrel striped_gopher, 100.0
striped_gopher grey_squirrel, 100.0
striped_gopher striped_gopher, 100.0
bluebird bluebird, 100.0
bluebird robin, 100.0
bluebird owl, 100.0
bluebird hummingbird, 100.0
bluebird cardinal, 100.0
bluebird blue_jay, 100.0
bluebird parakeet, 100.0
bluebird chickadee, 100.0
bluebird wren, 100.0
bluebird crow, 100.0
bluebird hawk, 100.0
bluebird sparrow, 100.0
bluebird canary, 100.0
robin bluebird, 100.0
robin robin, 100.0
robin owl, 100.0
robin hummingbird, 100.0
robin cardinal, 100.0
robin blue_jay, 100.0
robin parakeet, 100.0
robin chickadee, 100.0
robin wren, 100.0
robin crow, 100.0
robin hawk, 100.0
robin sparrow, 100.0
robin canary, 100.0
owl bluebird, 100.0
owl robin, 100.0
owl owl, 100.0
owl hummingbird, 100.0
owl cardinal, 100.0
owl blue_jay, 100.0
owl parakeet, 100.0
owl chickadee, 100.0
owl wren, 100.0
owl crow, 100.0
owl hawk, 100.0
owl sparrow, 100.0
owl canary, 100.0
hummingbird bluebird, 100.0
hummingbird robin, 100.0
hummingbird owl, 100.0
hummingbird hummingbird, 100.0
hummingbird cardinal, 100.0
hummingbird blue_jay, 100.0
hummingbird parakeet, 100.0
hummingbird chickadee, 100.0
hummingbird wren, 100.0
hummingbird crow, 100.0
hummingbird hawk, 100.0
hummingbird sparrow, 100.0
hummingbird canary, 100.0
cardinal bluebird, 100.0
cardinal robin, 100.0
cardinal owl, 100.0
cardinal hummingbird, 100.0
cardinal cardinal, 100.0
cardinal blue_jay, 100.0
cardinal parakeet, 100.0
cardinal chickadee, 100.0
cardinal wren, 100.0
cardinal crow, 100.0
cardinal hawk, 100.0
cardinal sparrow, 100.0
cardinal canary, 100.0
blue_jay bluebird, 100.0
blue_jay robin, 100.0
blue_jay owl, 100.0
blue_jay hummingbird, 100.0
blue_jay cardinal, 100.0
blue_jay blue_jay, 100.0
blue_jay parakeet, 100.0
blue_jay chickadee, 100.0
blue_jay wren, 100.0
blue_jay crow, 100.0
blue_jay hawk, 100.0
blue_jay sparrow, 100.0
blue_jay canary, 100.0
parakeet bluebird, 100.0
parakeet robin, 100.0
parakeet owl, 100.0
parakeet hummingbird, 100.0
parakeet cardinal, 100.0
parakeet blue_jay, 100.0
parakeet parakeet, 100.0
parakeet chickadee, 100.0
parakeet wren, 100.0
parakeet crow, 100.0
parakeet hawk, 100.0
parakeet sparrow, 100.0
parakeet canary, 100.0
chickadee bluebird, 100.0
chickadee robin, 100.0
chickadee owl, 100.0
chickadee hummingbird, 100.0
chickadee cardinal, 100.0
chickadee blue_jay, 100.0
chickadee parakeet, 100.0
chickadee chickadee, 100.0
chickadee wren, 100.0
chickadee crow, 100.0
chickadee hawk, 100.0
chickadee sparrow, 100.0
chickadee canary, 100.0
wren bluebird, 100.0
wren robin, 100.0
wren owl, 100.0
wren hummingbird, 100.0
wren cardinal, 100.0
wren blue_jay, 100.0
wren parakeet, 100.0
wren chickadee, 100.0
wren wren, 100.0
wren crow, 100.0
wren hawk, 100.0
wren sparrow, 100.0
wren canary, 100.0
crow bluebird, 100.0
crow robin, 100.0
crow owl, 100.0
crow hummingbird, 100.0
crow cardinal, 100.0
crow blue_jay, 100.0
crow parakeet, 100.0
crow chickadee, 100.0
crow wren, 100.0
crow crow, 100.0
crow hawk, 100.0
crow sparrow, 100.0
crow canary, 100.0
hawk bluebird, 100.0
hawk robin, 100.0
hawk owl, 100.0
hawk hummingbird, 100.0
hawk cardinal, 100.0
hawk blue_jay, 100.0
hawk parakeet, 100.0
hawk chickadee, 100.0
hawk wren, 100.0
hawk crow, 100.0
hawk hawk, 100.0
hawk sparrow, 100.0
hawk canary, 100.0
sparrow bluebird, 100.0
sparrow robin, 100.0
sparrow owl, 100.0
sparrow hummingbird, 100.0
sparrow cardinal, 100.0
sparrow blue_jay, 100.0
sparrow parakeet, 100.0
sparrow chickadee, 100.0
sparrow wren, 100.0
sparrow crow, 100.0
sparrow hawk, 100.0
sparrow sparrow, 100.0
sparrow canary, 100.0
canary bluebird, 100.0
canary robin, 100.0
canary owl, 100.0
canary hummingbird, 100.0
canary cardinal, 100.0
canary blue_jay, 100.0
canary parakeet, 100.0
canary chickadee, 100.0
canary wren, 100.0
canary crow, 100.0
canary hawk, 100.0
canary sparrow, 100.0
canary canary, 100.0
python python, 100.0
python anaconda, 100.0
anaconda python, 100.0
anaconda anaconda, 100.0
